week,day,meal type,weather,holiday,footfall,Special
one,sun,breakfast,warm,yes,2965,no
one,mon,breakfast,warm,no,3562,no
one,tue,breakfast,warm,no,2868,no
one,wed,breakfast,warm,no,3271,no
one,thu,breakfast,warm,no,3678,no
one,fri,breakfast,warm,no,2561,no
one,sat,breakfast,warm,no,2963,no
two,sun,breakfast,warm,yes,2178,no
two,mon,breakfast,warm,no,3672,no
two,tue,breakfast,warm,no,1936,no
two,wed,breakfast,warm,no,2243,no
two,thu,breakfast,warm,no,3571,no
two,fri,breakfast,warm,no,3841,no
two,sat,breakfast,warm,no,2648,no
three,sun,breakfast,warm,yes,2148,no
three,mon,breakfast,warm,no,1869,no
three,tue,breakfast,warm,no,3571,no
three,wed,breakfast,warm,no,3378,no
three,thu,breakfast,warm,no,3395,no
three,fri,breakfast,warm,no,3976,no
three,sat,breakfast,warm,no,3703,no
one,sun,lunch,warm,yes,3394,no
one,mon,lunch,warm,no,3169,no
one,tue,lunch,warm,no,3746,no
one,wed,lunch,warm,no,2416,no
one,thu,lunch,warm,no,1536,no
one,fri,lunch,warm,no,3732,no
one,sat,lunch,warm,no,4109,no
two,sun,lunch,warm,yes,2419,no
two,mon,lunch,warm,no,2048,no
two,tue,lunch,warm,no,2359,no
two,wed,lunch,warm,no,3568,no
two,thu,lunch,warm,no,3011,no
two,fri,lunch,warm,no,4478,yes
two,sat,lunch,warm,no,3803,no
three,sun,lunch,warm,yes,2500,no
three,mon,lunch,warm,no,2671,no
three,tue,lunch,warm,no,3951,no
three,wed,lunch,warm,no,4008,no
three,thu,lunch,warm,no,2893,no
three,fri,lunch,warm,no,3238,no
three,sat,lunch,warm,no,3687,no
one,sun,hi-tea,warm,yes,3907,no
one,mon,hi-tea,warm,no,3582,no
one,tue,hi-tea,warm,no,3398,no
one,wed,hi-tea,warm,no,4201,no
one,thu,hi-tea,warm,no,3824,no
one,fri,hi-tea,warm,no,3463,no
one,sat,hi-tea,warm,no,2546,no
two,sun,hi-tea,warm,yes,2751,no
two,mon,hi-tea,warm,no,3211,no
two,tue,hi-tea,warm,no,2276,no
two,wed,hi-tea,warm,no,2891,no
two,thu,hi-tea,warm,no,3542,no
two,fri,hi-tea,warm,no,3589,no
two,sat,hi-tea,warm,no,2456,no
three,sun,hi-tea,warm,yes,2081,no
three,mon,hi-tea,warm,no,3752,no
three,tue,hi-tea,warm,no,3156,no
three,wed,hi-tea,warm,no,1791,no
three,thu,hi-tea,warm,no,3568,no
three,fri,hi-tea,warm,no,2564,no
three,sat,hi-tea,warm,no,3491,no
one,sun,dinner,warm,yes,4184,no
one,mon,dinner,warm,no,3333,no
one,tue,dinner,warm,no,3284,no
one,wed,dinner,warm,no,2965,no
one,thu,dinner,warm,no,3107,no
one,fri,dinner,warm,no,3152,no
one,sat,dinner,warm,no,1809,no
two,sun,dinner,warm,yes,4162,no
two,mon,dinner,warm,no,3369,no
two,tue,dinner,warm,no,2965,no
two,wed,dinner,warm,no,3409,no
two,thu,dinner,warm,no,3745,no
two,fri,dinner,warm,no,3984,no
two,sat,dinner,warm,no,1903,no
three,sun,dinner,warm,yes,3554,no
three,mon,dinner,warm,no,2231,no
three,tue,dinner,warm,no,2896,no
three,wed,dinner,warm,no,2974,no
three,thu,dinner,warm,no,2556,no
three,fri,dinner,warm,no,2681,no
three,sat,dinner,warm,no,1958,no
one,sun,breakfast,cold,yes,2569,no
one,mon,breakfast,cold,no,3385,no
one,tue,breakfast,cold,no,2698,no
one,wed,breakfast,cold,no,3025,no
one,thu,breakfast,cold,no,3498,no
one,fri,breakfast,cold,no,2378,no
one,sat,breakfast,cold,no,2678,no
two,sun,breakfast,cold,yes,1936,no
two,mon,breakfast,cold,no,3467,no
two,tue,breakfast,cold,no,1873,no
two,wed,breakfast,cold,no,2056,no
two,thu,breakfast,cold,no,3379,no
two,fri,breakfast,cold,no,3671,no
two,sat,breakfast,cold,no,2476,no
three,sun,breakfast,cold,yes,1806,no
three,mon,breakfast,cold,no,1748,no
three,tue,breakfast,cold,no,3372,no
three,wed,breakfast,cold,no,3116,no
three,thu,breakfast,cold,no,3146,no
three,fri,breakfast,cold,no,3799,no
three,sat,breakfast,cold,no,3594,no
one,sun,lunch,cold,yes,3394,no
one,mon,lunch,cold,no,3085,no
one,tue,lunch,cold,no,3649,no
one,wed,lunch,cold,no,2376,no
one,thu,lunch,cold,no,1675,no
one,fri,lunch,cold,no,3467,no
one,sat,lunch,cold,no,4235,no
two,sun,lunch,cold,yes,2379,no
two,mon,lunch,cold,no,4300,yes
two,tue,lunch,cold,no,2465,no
two,wed,lunch,cold,no,3678,no
two,thu,lunch,cold,no,3111,no
two,fri,lunch,cold,no,3245,no
two,sat,lunch,cold,no,3987,no
three,sun,lunch,cold,yes,2467,no
three,mon,lunch,cold,no,2600,no
three,tue,lunch,cold,no,3874,no
three,wed,lunch,cold,no,3976,no
three,thu,lunch,cold,no,2845,no
three,fri,lunch,cold,no,3157,no
three,sat,lunch,cold,no,3574,no
one,sun,hi-tea,cold,yes,4095,no
one,mon,hi-tea,cold,no,3646,no
one,tue,hi-tea,cold,no,3475,no
one,wed,hi-tea,cold,no,4297,no
one,thu,hi-tea,cold,no,3928,no
one,fri,hi-tea,cold,no,3497,no
one,sat,hi-tea,cold,no,2604,no
two,sun,hi-tea,cold,yes,2836,no
two,mon,hi-tea,cold,no,3357,no
two,tue,hi-tea,cold,no,2397,no
two,wed,hi-tea,cold,no,2987,no
two,thu,hi-tea,cold,no,3678,no
two,fri,hi-tea,cold,no,3700,no
two,sat,hi-tea,cold,no,2978,no
three,sun,hi-tea,cold,yes,2267,no
three,mon,hi-tea,cold,no,3645,no
three,tue,hi-tea,cold,no,3357,no
three,wed,hi-tea,cold,no,2679,no
three,thu,hi-tea,cold,no,3578,no
three,fri,hi-tea,cold,no,2614,no
three,sat,hi-tea,cold,no,3478,no
one,sun,dinner,cold,yes,4067,no
one,mon,dinner,cold,no,3294,no
one,tue,dinner,cold,no,3165,no
one,wed,dinner,cold,no,3012,no
one,thu,dinner,cold,no,3065,no
one,fri,dinner,cold,no,3068,no
one,sat,dinner,cold,no,1768,no
two,sun,dinner,cold,yes,4065,no
two,mon,dinner,cold,no,3219,no
two,tue,dinner,cold,no,2846,no
two,wed,dinner,cold,no,3365,no
two,thu,dinner,cold,no,3675,no
two,fri,dinner,cold,no,4376,yes
two,sat,dinner,cold,no,1842,no
three,sun,dinner,cold,yes,3426,no
three,mon,dinner,cold,no,2198,no
three,tue,dinner,cold,no,2734,no
three,wed,dinner,cold,no,2841,no
three,thu,dinner,cold,no,2437,no
three,fri,dinner,cold,no,2645,no
three,sat,dinner,cold,no,1958,no
one,sun,breakfast,rainy,yes,2665,no
one,mon,breakfast,rainy,no,3222,no
one,tue,breakfast,rainy,no,2568,no
one,wed,breakfast,rainy,no,3071,no
one,thu,breakfast,rainy,no,3578,no
one,fri,breakfast,rainy,no,2261,no
one,sat,breakfast,rainy,no,2563,no
two,sun,breakfast,rainy,yes,1980,no
two,mon,breakfast,rainy,no,3372,no
two,tue,breakfast,rainy,no,1736,no
two,wed,breakfast,rainy,no,1946,no
two,thu,breakfast,rainy,no,3216,no
two,fri,breakfast,rainy,no,3240,no
two,sat,breakfast,rainy,no,2146,no
three,sun,breakfast,rainy,yes,1956,no
three,mon,breakfast,rainy,no,1369,no
three,tue,breakfast,rainy,no,3078,no
three,wed,breakfast,rainy,no,2959,no
three,thu,breakfast,rainy,no,3056,no
three,fri,breakfast,rainy,no,3376,no
three,sat,breakfast,rainy,no,3256,no
one,sun,lunch,rainy,yes,2956,no
one,mon,lunch,rainy,no,2965,no
one,tue,lunch,rainy,no,3346,no
one,wed,lunch,rainy,no,2016,no
one,thu,lunch,rainy,no,1264,no
one,fri,lunch,rainy,no,3256,no
one,sat,lunch,rainy,no,3876,no
two,sun,lunch,rainy,yes,2132,no
two,mon,lunch,rainy,no,1765,no
two,tue,lunch,rainy,no,2050,no
two,wed,lunch,rainy,no,3150,no
two,thu,lunch,rainy,no,2876,no
two,fri,lunch,rainy,no,3071,no
two,sat,lunch,rainy,no,4356,yes
three,sun,lunch,rainy,yes,2100,no
three,mon,lunch,rainy,no,2246,no
three,tue,lunch,rainy,no,3251,no
three,wed,lunch,rainy,no,3460,no
three,thu,lunch,rainy,no,2103,no
three,fri,lunch,rainy,no,2186,no
three,sat,lunch,rainy,no,3308,no
one,sun,hi-tea,rainy,yes,3109,no
one,mon,hi-tea,rainy,no,3176,no
one,tue,hi-tea,rainy,no,2986,no
one,wed,hi-tea,rainy,no,3916,no
one,thu,hi-tea,rainy,no,3261,no
one,fri,hi-tea,rainy,no,3216,no
one,sat,hi-tea,rainy,no,2210,no
two,sun,hi-tea,rainy,yes,2251,no
two,mon,hi-tea,rainy,no,2946,no
two,tue,hi-tea,rainy,no,2067,no
two,wed,hi-tea,rainy,no,2506,no
two,thu,hi-tea,rainy,no,3149,no
two,fri,hi-tea,rainy,no,3086,no
two,sat,hi-tea,rainy,no,2065,no
three,sun,hi-tea,rainy,yes,1860,no
three,mon,hi-tea,rainy,no,2651,no
three,tue,hi-tea,rainy,no,2567,no
three,wed,hi-tea,rainy,no,1294,no
three,thu,hi-tea,rainy,no,3246,no
three,fri,hi-tea,rainy,no,2106,no
three,sat,hi-tea,rainy,no,3046,no
one,sun,dinner,rainy,yes,3956,no
one,mon,dinner,rainy,no,3021,no
one,tue,dinner,rainy,no,3086,no
one,wed,dinner,rainy,no,2345,no
one,thu,dinner,rainy,no,2986,no
one,fri,dinner,rainy,no,2946,no
one,sat,dinner,rainy,no,1506,no
two,sun,dinner,rainy,yes,3465,no
two,mon,dinner,rainy,no,3016,no
two,tue,dinner,rainy,no,2436,no
two,wed,dinner,rainy,no,3106,no
two,thu,dinner,rainy,no,3465,no
two,fri,dinner,rainy,no,3265,no
two,sat,dinner,rainy,no,1605,no
three,sun,dinner,rainy,yes,4476,yes
three,mon,dinner,rainy,no,1986,no
three,tue,dinner,rainy,no,2165,no
three,wed,dinner,rainy,no,2468,no
three,thu,dinner,rainy,no,2301,no
three,fri,dinner,rainy,no,2162,no
three,sat,dinner,rainy,no,1565,no
one,sun,breakfast,hot,yes,2940,no
one,mon,breakfast,hot,no,3522,no
one,tue,breakfast,hot,no,2820,no
one,wed,breakfast,hot,no,3251,no
one,thu,breakfast,hot,no,3631,no
one,fri,breakfast,hot,no,2542,no
one,sat,breakfast,hot,no,2932,no
two,sun,breakfast,hot,yes,2143,no
two,mon,breakfast,hot,no,3643,no
two,tue,breakfast,hot,no,1926,no
two,wed,breakfast,hot,no,2216,no
two,thu,breakfast,hot,no,3536,no
two,fri,breakfast,hot,no,3831,no
two,sat,breakfast,hot,no,2631,no
three,sun,breakfast,hot,yes,2121,no
three,mon,breakfast,hot,no,1839,no
three,tue,breakfast,hot,no,3536,no
three,wed,breakfast,hot,no,3346,no
three,thu,breakfast,hot,no,3356,no
three,fri,breakfast,hot,no,3956,no
three,sat,breakfast,hot,no,3695,no
one,sun,lunch,hot,yes,3364,no
one,mon,lunch,hot,no,3156,no
one,tue,lunch,hot,no,3721,no
one,wed,lunch,hot,no,2398,no
one,thu,lunch,hot,no,1506,no
one,fri,lunch,hot,no,3752,no
one,sat,lunch,hot,no,4098,no
two,sun,lunch,hot,yes,4007,yes
two,mon,lunch,hot,no,2025,no
two,tue,lunch,hot,no,2349,no
two,wed,lunch,hot,no,3556,no
two,thu,lunch,hot,no,3001,no
two,fri,lunch,hot,no,3362,no
two,sat,lunch,hot,no,3790,no
three,sun,lunch,hot,yes,2480,no
three,mon,lunch,hot,no,2640,no
three,tue,lunch,hot,no,3931,no
three,wed,lunch,hot,no,3995,no
three,thu,lunch,hot,no,4287,yes
three,fri,lunch,hot,no,3256,no
three,sat,lunch,hot,no,3653,no
one,sun,hi-tea,hot,yes,3895,no
one,mon,hi-tea,hot,no,3572,no
one,tue,hi-tea,hot,no,3356,no
one,wed,hi-tea,hot,no,4195,no
one,thu,hi-tea,hot,no,3815,no
one,fri,hi-tea,hot,no,3453,no
one,sat,hi-tea,hot,no,2435,no
two,sun,hi-tea,hot,yes,2731,no
two,mon,hi-tea,hot,no,3191,no
two,tue,hi-tea,hot,no,2256,no
two,wed,hi-tea,hot,no,2873,no
two,thu,hi-tea,hot,no,3531,no
two,fri,hi-tea,hot,no,3579,no
two,sat,hi-tea,hot,no,2454,no
three,sun,hi-tea,hot,yes,2061,no
three,mon,hi-tea,hot,no,3721,no
three,tue,hi-tea,hot,no,3146,no
three,wed,hi-tea,hot,no,1782,no
three,thu,hi-tea,hot,no,3548,no
three,fri,hi-tea,hot,no,2554,no
three,sat,hi-tea,hot,no,3484,no
one,sun,dinner,hot,yes,4162,no
one,mon,dinner,hot,no,3322,no
one,tue,dinner,hot,no,3252,no
one,wed,dinner,hot,no,2950,no
one,thu,dinner,hot,no,3097,no
one,fri,dinner,hot,no,3148,no
one,sat,dinner,hot,no,1794,no
two,sun,dinner,hot,yes,4159,no
two,mon,dinner,hot,no,3360,no
two,tue,dinner,hot,no,2959,no
two,wed,dinner,hot,no,3394,no
two,thu,dinner,hot,no,3735,no
two,fri,dinner,hot,no,3979,no
two,sat,dinner,hot,no,1895,no
three,sun,dinner,hot,yes,3536,no
three,mon,dinner,hot,no,2229,no
three,tue,dinner,hot,no,2885,no
three,wed,dinner,hot,no,2969,no
three,thu,dinner,hot,no,2549,no
three,fri,dinner,hot,no,2671,no
three,sat,dinner,hot,no,1957,no
one,sun,breakfast,warm,yes,2965,no
one,mon,breakfast,warm,no,3561,no
one,tue,breakfast,warm,no,2893,no
one,wed,breakfast,warm,no,3235,no
one,thu,breakfast,warm,no,3706,no
one,fri,breakfast,warm,no,2517,no
one,sat,breakfast,warm,no,2998,no
two,sun,breakfast,warm,yes,2169,no
two,mon,breakfast,warm,no,3677,no
two,tue,breakfast,warm,no,1971,no
two,wed,breakfast,warm,no,2261,no
two,thu,breakfast,warm,no,3542,no
two,fri,breakfast,warm,no,3876,no
two,sat,breakfast,warm,no,2631,no
three,sun,breakfast,warm,yes,2164,no
three,mon,breakfast,warm,no,1918,no
three,tue,breakfast,warm,no,3528,no
three,wed,breakfast,warm,no,3329,no
three,thu,breakfast,warm,no,3407,no
three,fri,breakfast,warm,no,4021,no
three,sat,breakfast,warm,no,3678,no
one,sun,lunch,warm,yes,3380,no
one,mon,lunch,warm,no,3220,no
one,tue,lunch,warm,no,3746,no
one,wed,lunch,warm,no,2442,no
one,thu,lunch,warm,no,1568,no
one,fri,lunch,warm,no,3699,no
one,sat,lunch,warm,no,4125,no
two,sun,lunch,warm,yes,4295,yes
two,mon,lunch,warm,no,2089,no
two,tue,lunch,warm,no,2338,no
two,wed,lunch,warm,no,3600,no
two,thu,lunch,warm,no,3027,no
two,fri,lunch,warm,no,3373,no
two,sat,lunch,warm,no,3834,no
three,sun,lunch,warm,yes,2452,no
three,mon,lunch,warm,no,2676,no
three,tue,lunch,warm,no,3917,no
three,wed,lunch,warm,no,3963,no
three,thu,lunch,warm,no,2904,no
three,fri,lunch,warm,no,3233,no
three,sat,lunch,warm,no,3694,no
one,sun,hi-tea,warm,yes,3888,no
one,mon,hi-tea,warm,no,3578,no
one,tue,hi-tea,warm,no,3425,no
one,wed,hi-tea,warm,no,4249,no
one,thu,hi-tea,warm,no,3777,no
one,fri,hi-tea,warm,no,3451,no
one,sat,hi-tea,warm,no,2497,no
two,sun,hi-tea,warm,yes,2774,no
two,mon,hi-tea,warm,no,3208,no
two,tue,hi-tea,warm,no,2255,no
two,wed,hi-tea,warm,no,2917,no
two,thu,hi-tea,warm,no,3586,no
two,fri,hi-tea,warm,no,3623,no
two,sat,hi-tea,warm,no,2459,no
three,sun,hi-tea,warm,yes,2057,no
three,mon,hi-tea,warm,no,3732,no
three,tue,hi-tea,warm,no,3150,no
three,wed,hi-tea,warm,no,1839,no
three,thu,hi-tea,warm,no,3539,no
three,fri,hi-tea,warm,no,2515,no
three,sat,hi-tea,warm,no,3525,no
one,sun,dinner,warm,yes,4224,no
one,mon,dinner,warm,no,3296,no
one,tue,dinner,warm,no,3254,no
one,wed,dinner,warm,no,3011,no
one,thu,dinner,warm,no,3075,no
one,fri,dinner,warm,no,4273,yes
one,sat,dinner,warm,no,1810,no
two,sun,dinner,warm,yes,4176,no
two,mon,dinner,warm,no,3336,no
two,tue,dinner,warm,no,2978,no
two,wed,dinner,warm,no,3429,no
two,thu,dinner,warm,no,3781,no
two,fri,dinner,warm,no,3960,no
two,sat,dinner,warm,no,1867,no
three,sun,dinner,warm,yes,3523,no
three,mon,dinner,warm,no,2255,no
three,tue,dinner,warm,no,2861,no
three,wed,dinner,warm,no,3007,no
three,thu,dinner,warm,no,2529,no
three,fri,dinner,warm,no,2726,no
three,sat,dinner,warm,no,1916,no
one,sun,breakfast,cold,yes,2587,no
one,mon,breakfast,cold,no,3336,no
one,tue,breakfast,cold,no,2654,no
one,wed,breakfast,cold,no,3045,no
one,thu,breakfast,cold,no,3481,no
one,fri,breakfast,cold,no,2406,no
one,sat,breakfast,cold,no,2692,no
two,sun,breakfast,cold,yes,1930,no
two,mon,breakfast,cold,no,3484,no
two,tue,breakfast,cold,no,1884,no
two,wed,breakfast,cold,no,2059,no
two,thu,breakfast,cold,no,3355,no
two,fri,breakfast,cold,no,3716,no
two,sat,breakfast,cold,no,2502,no
three,sun,breakfast,cold,yes,1840,no
three,mon,breakfast,cold,no,1743,no
three,tue,breakfast,cold,no,3377,no
three,wed,breakfast,cold,no,3128,no
three,thu,breakfast,cold,no,3138,no
three,fri,breakfast,cold,no,3798,no
three,sat,breakfast,cold,no,3603,no
one,sun,lunch,cold,yes,3370,no
one,mon,lunch,cold,no,3121,no
one,tue,lunch,cold,no,3697,no
one,wed,lunch,cold,no,2391,no
one,thu,lunch,cold,no,1696,no
one,fri,lunch,cold,no,3487,no
one,sat,lunch,cold,no,4206,no
two,sun,lunch,cold,yes,2392,no
two,mon,lunch,cold,no,1976,no
two,tue,lunch,cold,no,4178,yes
two,wed,lunch,cold,no,3656,no
two,thu,lunch,cold,no,3077,no
two,fri,lunch,cold,no,3263,no
two,sat,lunch,cold,no,4019,no
three,sun,lunch,cold,yes,2491,no
three,mon,lunch,cold,no,2582,no
three,tue,lunch,cold,no,3913,no
three,wed,lunch,cold,no,3981,no
three,thu,lunch,cold,no,2797,no
three,fri,lunch,cold,no,3169,no
three,sat,lunch,cold,no,3582,no
one,sun,hi-tea,cold,yes,4106,no
one,mon,hi-tea,cold,no,3648,no
one,tue,hi-tea,cold,no,3458,no
one,wed,hi-tea,cold,no,4277,no
one,thu,hi-tea,cold,no,3976,no
one,fri,hi-tea,cold,no,3484,no
one,sat,hi-tea,cold,no,2598,no
two,sun,hi-tea,cold,yes,2862,no
two,mon,hi-tea,cold,no,3329,no
two,tue,hi-tea,cold,no,2430,no
two,wed,hi-tea,cold,no,2954,no
two,thu,hi-tea,cold,no,3720,no
two,fri,hi-tea,cold,no,3660,no
two,sat,hi-tea,cold,no,3026,no
three,sun,hi-tea,cold,yes,2218,no
three,mon,hi-tea,cold,no,3684,no
three,tue,hi-tea,cold,no,3319,no
three,wed,hi-tea,cold,no,2658,no
three,thu,hi-tea,cold,no,3597,no
three,fri,hi-tea,cold,no,2653,no
three,sat,hi-tea,cold,no,3477,no
one,sun,dinner,cold,yes,4082,no
one,mon,dinner,cold,no,3334,no
one,tue,dinner,cold,no,3136,no
one,wed,dinner,cold,no,3045,no
one,thu,dinner,cold,no,3015,no
one,fri,dinner,cold,no,3023,no
one,sat,dinner,cold,no,1728,no
two,sun,dinner,cold,yes,4049,no
two,mon,dinner,cold,no,3270,no
two,tue,dinner,cold,no,2809,no
two,wed,dinner,cold,no,3359,no
two,thu,dinner,cold,no,3718,no
two,fri,dinner,cold,no,3874,no
two,sat,dinner,cold,no,4087,yes
three,sun,dinner,cold,yes,3427,no
three,mon,dinner,cold,no,2213,no
three,tue,dinner,cold,no,2709,no
three,wed,dinner,cold,no,2792,no
three,thu,dinner,cold,no,2460,no
three,fri,dinner,cold,no,2681,no
three,sat,dinner,cold,no,1938,no
one,sun,breakfast,rainy,yes,2661,no
one,mon,breakfast,rainy,no,3234,no
one,tue,breakfast,rainy,no,2590,no
one,wed,breakfast,rainy,no,3043,no
one,thu,breakfast,rainy,no,3614,no
one,fri,breakfast,rainy,no,2292,no
one,sat,breakfast,rainy,no,2547,no
two,sun,breakfast,rainy,yes,1961,no
two,mon,breakfast,rainy,no,3349,no
two,tue,breakfast,rainy,no,1715,no
two,wed,breakfast,rainy,no,1905,no
two,thu,breakfast,rainy,no,3187,no
two,fri,breakfast,rainy,no,3238,no
two,sat,breakfast,rainy,no,2145,no
three,sun,breakfast,rainy,yes,1980,no
three,mon,breakfast,rainy,no,1348,no
three,tue,breakfast,rainy,no,3100,no
three,wed,breakfast,rainy,no,2933,no
three,thu,breakfast,rainy,no,3061,no
three,fri,breakfast,rainy,no,3356,no
three,sat,breakfast,rainy,no,3242,no
one,sun,lunch,rainy,yes,2932,no
one,mon,lunch,rainy,no,2948,no
one,tue,lunch,rainy,no,3310,no
one,wed,lunch,rainy,no,2033,no
one,thu,lunch,rainy,no,1215,no
one,fri,lunch,rainy,no,3219,no
one,sat,lunch,rainy,no,3837,no
two,sun,lunch,rainy,yes,2092,no
two,mon,lunch,rainy,no,1776,no
two,tue,lunch,rainy,no,2042,no
two,wed,lunch,rainy,no,3101,no
two,thu,lunch,rainy,no,2900,no
two,fri,lunch,rainy,no,3079,no
two,sat,lunch,rainy,no,3397,no
three,sun,lunch,rainy,yes,2073,no
three,mon,lunch,rainy,no,2260,no
three,tue,lunch,rainy,no,3292,no
three,wed,lunch,rainy,no,3413,no
three,thu,lunch,rainy,no,2138,no
three,fri,lunch,rainy,no,2163,no
three,sat,lunch,rainy,no,3342,no
one,sun,hi-tea,rainy,yes,3065,no
one,mon,hi-tea,rainy,no,3158,no
one,tue,hi-tea,rainy,no,2993,no
one,wed,hi-tea,rainy,no,3947,no
one,thu,hi-tea,rainy,no,3217,no
one,fri,hi-tea,rainy,no,3190,no
one,sat,hi-tea,rainy,no,2179,no
two,sun,hi-tea,rainy,yes,2215,no
two,mon,hi-tea,rainy,no,2985,no
two,tue,hi-tea,rainy,no,2081,no
two,wed,hi-tea,rainy,no,2482,no
two,thu,hi-tea,rainy,no,3183,no
two,fri,hi-tea,rainy,no,3131,no
two,sat,hi-tea,rainy,no,2099,no
three,sun,hi-tea,rainy,yes,1892,no
three,mon,hi-tea,rainy,no,2640,no
three,tue,hi-tea,rainy,no,2614,no
three,wed,hi-tea,rainy,no,1307,no
three,thu,hi-tea,rainy,no,3268,no
three,fri,hi-tea,rainy,no,2152,no
three,sat,hi-tea,rainy,no,3097,no
one,sun,dinner,rainy,yes,3907,no
one,mon,dinner,rainy,no,2983,no
one,tue,dinner,rainy,no,3067,no
one,wed,dinner,rainy,no,2310,no
one,thu,dinner,rainy,no,2981,no
one,fri,dinner,rainy,no,2954,no
one,sat,dinner,rainy,no,1545,no
two,sun,dinner,rainy,yes,3503,no
two,mon,dinner,rainy,no,3028,no
two,tue,dinner,rainy,no,2469,no
two,wed,dinner,rainy,no,3154,no
two,thu,dinner,rainy,no,3443,no
two,fri,dinner,rainy,no,3280,no
two,sat,dinner,rainy,no,1616,no
three,sun,dinner,rainy,yes,3209,no
three,mon,dinner,rainy,no,1994,no
three,tue,dinner,rainy,no,2186,no
three,wed,dinner,rainy,no,2507,no
three,thu,dinner,rainy,no,2280,no
three,fri,dinner,rainy,no,2199,no
three,sat,dinner,rainy,no,1611,no
one,sun,breakfast,hot,yes,2974,no
one,mon,breakfast,hot,no,3552,no
one,tue,breakfast,hot,no,2832,no
one,wed,breakfast,hot,no,3269,no
one,thu,breakfast,hot,no,3679,no
one,fri,breakfast,hot,no,2527,no
one,sat,breakfast,hot,no,2981,no
two,sun,breakfast,hot,yes,2174,no
two,mon,breakfast,hot,no,3672,no
two,tue,breakfast,hot,no,1970,no
two,wed,breakfast,hot,no,2260,no
two,thu,breakfast,hot,no,3564,no
two,fri,breakfast,hot,no,3874,no
two,sat,breakfast,hot,no,2643,no
three,sun,breakfast,hot,yes,2088,no
three,mon,breakfast,hot,no,1853,no
three,tue,breakfast,hot,no,3537,no
three,wed,breakfast,hot,no,3327,no
three,thu,breakfast,hot,no,3307,no
three,fri,breakfast,hot,no,3944,no
three,sat,breakfast,hot,no,3709,no
one,sun,lunch,hot,yes,3387,no
one,mon,lunch,hot,no,3161,no
one,tue,lunch,hot,no,3712,no
one,wed,lunch,hot,no,2410,no
one,thu,lunch,hot,no,1480,no
one,fri,lunch,hot,no,3735,no
one,sat,lunch,hot,no,4068,no
two,sun,lunch,hot,yes,2426,no
two,mon,lunch,hot,no,2011,no
two,tue,lunch,hot,no,2386,no
two,wed,lunch,hot,no,3513,no
two,thu,lunch,hot,no,3008,no
two,fri,lunch,hot,no,3378,no
two,sat,lunch,hot,no,3829,no
three,sun,lunch,hot,yes,2506,no
three,mon,lunch,hot,no,2626,no
three,tue,lunch,hot,no,3884,no
three,wed,lunch,hot,no,3953,no
three,thu,lunch,hot,no,2798,no
three,fri,lunch,hot,no,3304,no
three,sat,lunch,hot,no,3656,no
one,sun,hi-tea,hot,yes,3854,no
one,mon,hi-tea,hot,no,3571,no
one,tue,hi-tea,hot,no,3328,no
one,wed,hi-tea,hot,no,4173,no
one,thu,hi-tea,hot,no,3802,no
one,fri,hi-tea,hot,no,3403,no
one,sat,hi-tea,hot,no,2392,no
two,sun,hi-tea,hot,yes,2739,no
two,mon,hi-tea,hot,no,3237,no
two,tue,hi-tea,hot,no,2286,no
two,wed,hi-tea,hot,no,2905,no
two,thu,hi-tea,hot,no,3519,no
two,fri,hi-tea,hot,no,3531,no
two,sat,hi-tea,hot,no,2409,no
three,sun,hi-tea,hot,yes,2037,no
three,mon,hi-tea,hot,no,3737,no
three,tue,hi-tea,hot,no,3098,no
three,wed,hi-tea,hot,no,1768,no
three,thu,hi-tea,hot,no,3509,no
three,fri,hi-tea,hot,no,2573,no
three,sat,hi-tea,hot,no,3472,no
one,sun,dinner,hot,yes,4171,no
one,mon,dinner,hot,no,3351,no
one,tue,dinner,hot,no,3224,no
one,wed,dinner,hot,no,2984,no
one,thu,dinner,hot,no,3067,no
one,fri,dinner,hot,no,3160,no
one,sat,dinner,hot,no,1822,no
two,sun,dinner,hot,yes,4158,no
two,mon,dinner,hot,no,3411,no
two,tue,dinner,hot,no,2979,no
two,wed,dinner,hot,no,3422,no
two,thu,dinner,hot,no,3783,no
two,fri,dinner,hot,no,4013,no
two,sat,dinner,hot,no,1942,no
three,sun,dinner,hot,yes,3531,no
three,mon,dinner,hot,no,2269,no
three,tue,dinner,hot,no,2932,no
three,wed,dinner,hot,no,2951,no
three,thu,dinner,hot,no,2543,no
three,fri,dinner,hot,no,2711,no
three,sat,dinner,hot,no,1939,no
one,sun,breakfast,warm,yes,2965,no
one,mon,breakfast,warm,no,3536,no
one,tue,breakfast,warm,no,2887,no
one,wed,breakfast,warm,no,3308,no
one,thu,breakfast,warm,no,3674,no
one,fri,breakfast,warm,no,2611,no
one,sat,breakfast,warm,no,2924,no
two,sun,breakfast,warm,yes,2144,no
two,mon,breakfast,warm,no,3647,no
two,tue,breakfast,warm,no,1925,no
two,wed,breakfast,warm,no,2287,no
two,thu,breakfast,warm,no,3522,no
two,fri,breakfast,warm,no,3886,no
two,sat,breakfast,warm,no,2634,no
three,sun,breakfast,warm,yes,2182,no
three,mon,breakfast,warm,no,1847,no
three,tue,breakfast,warm,no,3547,no
three,wed,breakfast,warm,no,3429,no
three,thu,breakfast,warm,no,3426,no
three,fri,breakfast,warm,no,4021,no
three,sat,breakfast,warm,no,3655,no
one,sun,lunch,warm,yes,3438,no
one,mon,lunch,warm,no,3157,no
one,tue,lunch,warm,no,3793,no
one,wed,lunch,warm,no,2464,no
one,thu,lunch,warm,no,1489,no
one,fri,lunch,warm,no,3682,no
one,sat,lunch,warm,no,4151,no
two,sun,lunch,warm,yes,2404,no
two,mon,lunch,warm,no,2092,no
two,tue,lunch,warm,no,2372,no
two,wed,lunch,warm,no,3542,no
two,thu,lunch,warm,no,2968,no
two,fri,lunch,warm,no,3413,no
two,sat,lunch,warm,no,3841,no
three,sun,lunch,warm,yes,2462,no
three,mon,lunch,warm,no,2707,no
three,tue,lunch,warm,no,3989,no
three,wed,lunch,warm,no,4050,no
three,thu,lunch,warm,no,2870,no
three,fri,lunch,warm,no,3255,no
three,sat,lunch,warm,no,3662,no
one,sun,hi-tea,warm,yes,3861,no
one,mon,hi-tea,warm,no,3606,no
one,tue,hi-tea,warm,no,3410,no
one,wed,hi-tea,warm,no,4203,no
one,thu,hi-tea,warm,no,3854,no
one,fri,hi-tea,warm,no,3486,no
one,sat,hi-tea,warm,no,2589,no
two,sun,hi-tea,warm,yes,2708,no
two,mon,hi-tea,warm,no,3205,no
two,tue,hi-tea,warm,no,2233,no
two,wed,hi-tea,warm,no,2860,no
two,thu,hi-tea,warm,no,3539,no
two,fri,hi-tea,warm,no,3586,no
two,sat,hi-tea,warm,no,2407,no
three,sun,hi-tea,warm,yes,2101,no
three,mon,hi-tea,warm,no,3718,no
three,tue,hi-tea,warm,no,3138,no
three,wed,hi-tea,warm,no,1743,no
three,thu,hi-tea,warm,no,3617,no
three,fri,hi-tea,warm,no,2517,no
three,sat,hi-tea,warm,no,3495,no
one,sun,dinner,warm,yes,4187,no
one,mon,dinner,warm,no,3297,no
one,tue,dinner,warm,no,3298,no
one,wed,dinner,warm,no,2920,no
one,thu,dinner,warm,no,3101,no
one,fri,dinner,warm,no,3103,no
one,sat,dinner,warm,no,1776,no
two,sun,dinner,warm,yes,4138,no
two,mon,dinner,warm,no,3376,no
two,tue,dinner,warm,no,2957,no
two,wed,dinner,warm,no,3401,no
two,thu,dinner,warm,no,3719,no
two,fri,dinner,warm,no,3959,no
two,sat,dinner,warm,no,1854,no
three,sun,dinner,warm,yes,3507,no
three,mon,dinner,warm,no,2264,no
three,tue,dinner,warm,no,2919,no
three,wed,dinner,warm,no,3023,no
three,thu,dinner,warm,no,2583,no
three,fri,dinner,warm,no,2708,no
three,sat,dinner,warm,no,1973,no
one,sun,breakfast,cold,yes,2522,no
one,mon,breakfast,cold,no,3414,no
one,tue,breakfast,cold,no,2708,no
one,wed,breakfast,cold,no,2997,no
one,thu,breakfast,cold,no,3480,no
one,fri,breakfast,cold,no,2402,no
one,sat,breakfast,cold,no,2703,no
two,sun,breakfast,cold,yes,1931,no
two,mon,breakfast,cold,no,3489,no
two,tue,breakfast,cold,no,1921,no
two,wed,breakfast,cold,no,2046,no
two,thu,breakfast,cold,no,3399,no
two,fri,breakfast,cold,no,3652,no
two,sat,breakfast,cold,no,2432,no
three,sun,breakfast,cold,yes,1772,no
three,mon,breakfast,cold,no,1775,no
three,tue,breakfast,cold,no,3395,no
three,wed,breakfast,cold,no,3153,no
three,thu,breakfast,cold,no,3186,no
three,fri,breakfast,cold,no,3823,no
three,sat,breakfast,cold,no,3551,no
one,sun,lunch,cold,yes,3440,no
one,mon,lunch,cold,no,3101,no
one,tue,lunch,cold,no,3630,no
one,wed,lunch,cold,no,2334,no
one,thu,lunch,cold,no,1626,no
one,fri,lunch,cold,no,3518,no
one,sat,lunch,cold,no,4216,no
two,sun,lunch,cold,yes,2385,no
two,mon,lunch,cold,no,1916,no
two,tue,lunch,cold,no,2421,no
two,wed,lunch,cold,no,3668,no
two,thu,lunch,cold,no,3153,no
two,fri,lunch,cold,no,3278,no
two,sat,lunch,cold,no,3990,no
three,sun,lunch,cold,yes,2436,no
three,mon,lunch,cold,no,2614,no
three,tue,lunch,cold,no,3924,no
three,wed,lunch,cold,no,4018,no
three,thu,lunch,cold,no,2888,no
three,fri,lunch,cold,no,3108,no
three,sat,lunch,cold,no,3555,no
one,sun,hi-tea,cold,yes,4123,no
one,mon,hi-tea,cold,no,3684,no
one,tue,hi-tea,cold,no,3492,no
one,wed,hi-tea,cold,no,4257,no
one,thu,hi-tea,cold,no,3885,no
one,fri,hi-tea,cold,no,3529,no
one,sat,hi-tea,cold,no,2640,no
two,sun,hi-tea,cold,yes,2859,no
two,mon,hi-tea,cold,no,3352,no
two,tue,hi-tea,cold,no,2430,no
two,wed,hi-tea,cold,no,2972,no
two,thu,hi-tea,cold,no,3686,no
two,fri,hi-tea,cold,no,3749,no
two,sat,hi-tea,cold,no,2959,no
three,sun,hi-tea,cold,yes,2233,no
three,mon,hi-tea,cold,no,3630,no
three,tue,hi-tea,cold,no,3396,no
three,wed,hi-tea,cold,no,2730,no
three,thu,hi-tea,cold,no,3615,no
three,fri,hi-tea,cold,no,2608,no
three,sat,hi-tea,cold,no,3448,no
one,sun,dinner,cold,yes,4032,no
one,mon,dinner,cold,no,3276,no
one,tue,dinner,cold,no,3188,no
one,wed,dinner,cold,no,3052,no
one,thu,dinner,cold,no,3103,no
one,fri,dinner,cold,no,3119,no
one,sat,dinner,cold,no,1767,no
two,sun,dinner,cold,yes,4032,no
two,mon,dinner,cold,no,3250,no
two,tue,dinner,cold,no,2862,no
two,wed,dinner,cold,no,3395,no
two,thu,dinner,cold,no,3661,no
two,fri,dinner,cold,no,3813,no
two,sat,dinner,cold,no,1887,no
three,sun,dinner,cold,yes,3404,no
three,mon,dinner,cold,no,2205,no
three,tue,dinner,cold,no,2765,no
three,wed,dinner,cold,no,2879,no
three,thu,dinner,cold,no,2480,no
three,fri,dinner,cold,no,2694,no
three,sat,dinner,cold,no,1963,no
one,sun,breakfast,rainy,yes,2707,no
one,mon,breakfast,rainy,no,3174,no
one,tue,breakfast,rainy,no,2550,no
one,wed,breakfast,rainy,no,3052,no
one,thu,breakfast,rainy,no,3629,no
one,fri,breakfast,rainy,no,2294,no
one,sat,breakfast,rainy,no,2575,no
two,sun,breakfast,rainy,yes,2027,no
two,mon,breakfast,rainy,no,3371,no
two,tue,breakfast,rainy,no,1726,no
two,wed,breakfast,rainy,no,1914,no
two,thu,breakfast,rainy,no,3259,no
two,fri,breakfast,rainy,no,3212,no
two,sat,breakfast,rainy,no,2114,no
three,sun,breakfast,rainy,yes,1967,no
three,mon,breakfast,rainy,no,1403,no
three,tue,breakfast,rainy,no,3046,no
three,wed,breakfast,rainy,no,2932,no
three,thu,breakfast,rainy,no,3045,no
three,fri,breakfast,rainy,no,3340,no
three,sat,breakfast,rainy,no,3293,no
one,sun,lunch,rainy,yes,3007,no
one,mon,lunch,rainy,no,3005,no
one,tue,lunch,rainy,no,3330,no
one,wed,lunch,rainy,no,2061,no
one,thu,lunch,rainy,no,1248,no
one,fri,lunch,rainy,no,3303,no
one,sat,lunch,rainy,no,3827,no
two,sun,lunch,rainy,yes,2145,no
two,mon,lunch,rainy,no,1796,no
two,tue,lunch,rainy,no,2067,no
two,wed,lunch,rainy,no,3151,no
two,thu,lunch,rainy,no,2852,no
two,fri,lunch,rainy,no,3063,no
two,sat,lunch,rainy,no,3401,no
three,sun,lunch,rainy,yes,2108,no
three,mon,lunch,rainy,no,2216,no
three,tue,lunch,rainy,no,3234,no
three,wed,lunch,rainy,no,3507,no
three,thu,lunch,rainy,no,2125,no
three,fri,lunch,rainy,no,2220,no
three,sat,lunch,rainy,no,3338,no
one,sun,hi-tea,rainy,yes,3102,no
one,mon,hi-tea,rainy,no,3159,no
one,tue,hi-tea,rainy,no,2971,no
one,wed,hi-tea,rainy,no,3919,no
one,thu,hi-tea,rainy,no,3281,no
one,fri,hi-tea,rainy,no,3245,no
one,sat,hi-tea,rainy,no,2208,no
two,sun,hi-tea,rainy,yes,2245,no
two,mon,hi-tea,rainy,no,2996,no
two,tue,hi-tea,rainy,no,2053,no
two,wed,hi-tea,rainy,no,2479,no
two,thu,hi-tea,rainy,no,3199,no
two,fri,hi-tea,rainy,no,3049,no
two,sat,hi-tea,rainy,no,2095,no
three,sun,hi-tea,rainy,yes,1855,no
three,mon,hi-tea,rainy,no,2661,no
three,tue,hi-tea,rainy,no,2551,no
three,wed,hi-tea,rainy,no,1255,no
three,thu,hi-tea,rainy,no,3240,no
three,fri,hi-tea,rainy,no,2133,no
three,sat,hi-tea,rainy,no,3013,no
one,sun,dinner,rainy,yes,3981,no
one,mon,dinner,rainy,no,3012,no
one,tue,dinner,rainy,no,3075,no
one,wed,dinner,rainy,no,2306,no
one,thu,dinner,rainy,no,3025,no
one,fri,dinner,rainy,no,2994,no
one,sat,dinner,rainy,no,1491,no
two,sun,dinner,rainy,yes,3462,no
two,mon,dinner,rainy,no,2984,no
two,tue,dinner,rainy,no,2440,no
two,wed,dinner,rainy,no,3134,no
two,thu,dinner,rainy,no,3486,no
two,fri,dinner,rainy,no,3315,no
two,sat,dinner,rainy,no,1596,no
three,sun,dinner,rainy,yes,3294,no
three,mon,dinner,rainy,no,1983,no
three,tue,dinner,rainy,no,2151,no
three,wed,dinner,rainy,no,2474,no
three,thu,dinner,rainy,no,2269,no
three,fri,dinner,rainy,no,2144,no
three,sat,dinner,rainy,no,1615,no
one,sun,breakfast,hot,yes,2901,no
one,mon,breakfast,hot,no,3529,no
one,tue,breakfast,hot,no,2814,no
one,wed,breakfast,hot,no,3302,no
one,thu,breakfast,hot,no,3638,no
one,fri,breakfast,hot,no,2496,no
one,sat,breakfast,hot,no,2944,no
two,sun,breakfast,hot,yes,2178,no
two,mon,breakfast,hot,no,3630,no
two,tue,breakfast,hot,no,1956,no
two,wed,breakfast,hot,no,2258,no
two,thu,breakfast,hot,no,3488,no
two,fri,breakfast,hot,no,3836,no
two,sat,breakfast,hot,no,2592,no
three,sun,breakfast,hot,yes,2103,no
three,mon,breakfast,hot,no,1796,no
three,tue,breakfast,hot,no,3520,no
three,wed,breakfast,hot,no,3323,no
three,thu,breakfast,hot,no,3388,no
three,fri,breakfast,hot,no,3992,no
three,sat,breakfast,hot,no,3693,no
one,sun,lunch,hot,yes,3316,no
one,mon,lunch,hot,no,3146,no
one,tue,lunch,hot,no,3752,no
one,wed,lunch,hot,no,2383,no
one,thu,lunch,hot,no,1497,no
one,fri,lunch,hot,no,3748,no
one,sat,lunch,hot,no,4119,no
two,sun,lunch,hot,yes,2374,no
two,mon,lunch,hot,no,2063,no
two,tue,lunch,hot,no,2325,no
two,wed,lunch,hot,no,3506,no
two,thu,lunch,hot,no,3046,no
two,fri,lunch,hot,no,3334,no
two,sat,lunch,hot,no,3800,no
three,sun,lunch,hot,yes,2527,no
three,mon,lunch,hot,no,2671,no
three,tue,lunch,hot,no,3901,no
three,wed,lunch,hot,no,4036,no
three,thu,lunch,hot,no,2825,no
three,fri,lunch,hot,no,3273,no
three,sat,lunch,hot,no,3671,no
one,sun,hi-tea,hot,yes,3892,no
one,mon,hi-tea,hot,no,3622,no
one,tue,hi-tea,hot,no,3315,no
one,wed,hi-tea,hot,no,4150,no
one,thu,hi-tea,hot,no,3842,no
one,fri,hi-tea,hot,no,3456,no
one,sat,hi-tea,hot,no,2407,no
two,sun,hi-tea,hot,yes,2692,no
two,mon,hi-tea,hot,no,3141,no
two,tue,hi-tea,hot,no,2266,no
two,wed,hi-tea,hot,no,2880,no
two,thu,hi-tea,hot,no,3536,no
two,fri,hi-tea,hot,no,3586,no
two,sat,hi-tea,hot,no,2412,no
three,sun,hi-tea,hot,yes,2017,no
three,mon,hi-tea,hot,no,3743,no
three,tue,hi-tea,hot,no,3155,no
three,wed,hi-tea,hot,no,1819,no
three,thu,hi-tea,hot,no,3539,no
three,fri,hi-tea,hot,no,2591,no
three,sat,hi-tea,hot,no,3464,no
one,sun,dinner,hot,yes,4200,no
one,mon,dinner,hot,no,3274,no
one,tue,dinner,hot,no,3286,no
one,wed,dinner,hot,no,2989,no
one,thu,dinner,hot,no,3132,no
one,fri,dinner,hot,no,3123,no
one,sat,dinner,hot,no,1820,no
two,sun,dinner,hot,yes,4197,no
two,mon,dinner,hot,no,3381,no
two,tue,dinner,hot,no,2987,no
two,wed,dinner,hot,no,3438,no
two,thu,dinner,hot,no,3700,no
two,fri,dinner,hot,no,3944,no
two,sat,dinner,hot,no,1930,no
three,sun,dinner,hot,yes,3507,no
three,mon,dinner,hot,no,2205,no
three,tue,dinner,hot,no,2911,no
three,wed,dinner,hot,no,2961,no
three,thu,dinner,hot,no,2525,no
three,fri,dinner,hot,no,2719,no
three,sat,dinner,hot,no,1927,no
one,sun,breakfast,warm,yes,2965,no
one,mon,breakfast,warm,no,3529,no
one,tue,breakfast,warm,no,2898,no
one,wed,breakfast,warm,no,3304,no
one,thu,breakfast,warm,no,3648,no
one,fri,breakfast,warm,no,2592,no
one,sat,breakfast,warm,no,2950,no
two,sun,breakfast,warm,yes,2205,no
two,mon,breakfast,warm,no,3690,no
two,tue,breakfast,warm,no,1946,no
two,wed,breakfast,warm,no,2201,no
two,thu,breakfast,warm,no,3536,no
two,fri,breakfast,warm,no,3872,no
two,sat,breakfast,warm,no,2620,no
three,sun,breakfast,warm,yes,2132,no
three,mon,breakfast,warm,no,1833,no
three,tue,breakfast,warm,no,3531,no
three,wed,breakfast,warm,no,3427,no
three,thu,breakfast,warm,no,3385,no
three,fri,breakfast,warm,no,4003,no
three,sat,breakfast,warm,no,3675,no
one,sun,lunch,warm,yes,3412,no
one,mon,lunch,warm,no,3133,no
one,tue,lunch,warm,no,3772,no
one,wed,lunch,warm,no,2400,no
one,thu,lunch,warm,no,1516,no
one,fri,lunch,warm,no,3726,no
one,sat,lunch,warm,no,4126,no
two,sun,lunch,warm,yes,2396,no
two,mon,lunch,warm,no,2035,no
two,tue,lunch,warm,no,2347,no
two,wed,lunch,warm,no,3562,no
two,thu,lunch,warm,no,2973,no
two,fri,lunch,warm,no,3383,no
two,sat,lunch,warm,no,3770,no
three,sun,lunch,warm,yes,2522,no
three,mon,lunch,warm,no,2662,no
three,tue,lunch,warm,no,3998,no
three,wed,lunch,warm,no,4005,no
three,thu,lunch,warm,no,2849,no
three,fri,lunch,warm,no,3216,no
three,sat,lunch,warm,no,3684,no
one,sun,hi-tea,warm,yes,3895,no
one,mon,hi-tea,warm,no,3565,no
one,tue,hi-tea,warm,no,3399,no
one,wed,hi-tea,warm,no,4225,no
one,thu,hi-tea,warm,no,3813,no
one,fri,hi-tea,warm,no,3469,no
one,sat,hi-tea,warm,no,2540,no
two,sun,hi-tea,warm,yes,2707,no
two,mon,hi-tea,warm,no,3184,no
two,tue,hi-tea,warm,no,2269,no
two,wed,hi-tea,warm,no,2929,no
two,thu,hi-tea,warm,no,3527,no
two,fri,hi-tea,warm,no,3623,no
two,sat,hi-tea,warm,no,2490,no
three,sun,hi-tea,warm,yes,2132,no
three,mon,hi-tea,warm,no,3743,no
three,tue,hi-tea,warm,no,3120,no
three,wed,hi-tea,warm,no,1743,no
three,thu,hi-tea,warm,no,3581,no
three,fri,hi-tea,warm,no,2548,no
three,sat,hi-tea,warm,no,3454,no
one,sun,dinner,warm,yes,4167,no
one,mon,dinner,warm,no,3372,no
one,tue,dinner,warm,no,3286,no
one,wed,dinner,warm,no,2976,no
one,thu,dinner,warm,no,3145,no
one,fri,dinner,warm,no,3175,no
one,sat,dinner,warm,no,1772,no
two,sun,dinner,warm,yes,4185,no
two,mon,dinner,warm,no,3367,no
two,tue,dinner,warm,no,3005,no
two,wed,dinner,warm,no,3365,no
two,thu,dinner,warm,no,3723,no
two,fri,dinner,warm,no,3991,no
two,sat,dinner,warm,no,1882,no
three,sun,dinner,warm,yes,3605,no
three,mon,dinner,warm,no,2200,no
three,tue,dinner,warm,no,2914,no
three,wed,dinner,warm,no,3014,no
three,thu,dinner,warm,no,2577,no
three,fri,dinner,warm,no,2667,no
three,sat,dinner,warm,no,1921,no
one,sun,breakfast,cold,yes,2578,no
one,mon,breakfast,cold,no,3407,no
one,tue,breakfast,cold,no,2666,no
one,wed,breakfast,cold,no,3013,no
one,thu,breakfast,cold,no,3510,no
one,fri,breakfast,cold,no,2390,no
one,sat,breakfast,cold,no,2641,no
two,sun,breakfast,cold,yes,1978,no
two,mon,breakfast,cold,no,3494,no
two,tue,breakfast,cold,no,1853,no
two,wed,breakfast,cold,no,2024,no
two,thu,breakfast,cold,no,3430,no
two,fri,breakfast,cold,no,3650,no
two,sat,breakfast,cold,no,2497,no
three,sun,breakfast,cold,yes,1779,no
three,mon,breakfast,cold,no,1721,no
three,tue,breakfast,cold,no,3412,no
three,wed,breakfast,cold,no,3089,no
three,thu,breakfast,cold,no,3102,no
three,fri,breakfast,cold,no,3753,no
three,sat,breakfast,cold,no,3589,no
one,sun,lunch,cold,yes,3350,no
one,mon,lunch,cold,no,3064,no
one,tue,lunch,cold,no,3673,no
one,wed,lunch,cold,no,2368,no
one,thu,lunch,cold,no,1702,no
one,fri,lunch,cold,no,3425,no
one,sat,lunch,cold,no,4208,no
two,sun,lunch,cold,yes,2337,no
two,mon,lunch,cold,no,1937,no
two,tue,lunch,cold,no,2454,no
two,wed,lunch,cold,no,3657,no
two,thu,lunch,cold,no,3073,no
two,fri,lunch,cold,no,3201,no
two,sat,lunch,cold,no,3951,no
three,sun,lunch,cold,yes,2516,no
three,mon,lunch,cold,no,2604,no
three,tue,lunch,cold,no,3861,no
three,wed,lunch,cold,no,3935,no
three,thu,lunch,cold,no,2880,no
three,fri,lunch,cold,no,3200,no
three,sat,lunch,cold,no,3588,no
one,sun,hi-tea,cold,yes,4090,no
one,mon,hi-tea,cold,no,3619,no
one,tue,hi-tea,cold,no,3473,no
one,wed,hi-tea,cold,no,4303,no
one,thu,hi-tea,cold,no,3925,no
one,fri,hi-tea,cold,no,3464,no
one,sat,hi-tea,cold,no,2570,no
two,sun,hi-tea,cold,yes,2862,no
two,mon,hi-tea,cold,no,3333,no
two,tue,hi-tea,cold,no,2448,no
two,wed,hi-tea,cold,no,3033,no
two,thu,hi-tea,cold,no,3695,no
two,fri,hi-tea,cold,no,3722,no
two,sat,hi-tea,cold,no,2964,no
three,sun,hi-tea,cold,yes,2233,no
three,mon,hi-tea,cold,no,3627,no
three,tue,hi-tea,cold,no,3388,no
three,wed,hi-tea,cold,no,2687,no
three,thu,hi-tea,cold,no,3556,no
three,fri,hi-tea,cold,no,2604,no
three,sat,hi-tea,cold,no,3511,no
one,sun,dinner,cold,yes,4019,no
one,mon,dinner,cold,no,3296,no
one,tue,dinner,cold,no,3153,no
one,wed,dinner,cold,no,2999,no
one,thu,dinner,cold,no,3075,no
one,fri,dinner,cold,no,3027,no
one,sat,dinner,cold,no,1740,no
two,sun,dinner,cold,yes,4035,no
two,mon,dinner,cold,no,3181,no
two,tue,dinner,cold,no,2859,no
two,wed,dinner,cold,no,3390,no
two,thu,dinner,cold,no,3653,no
two,fri,dinner,cold,no,3802,no
two,sat,dinner,cold,no,1882,no
three,sun,dinner,cold,yes,3443,no
three,mon,dinner,cold,no,2166,no
three,tue,dinner,cold,no,2728,no
three,wed,dinner,cold,no,2827,no
three,thu,dinner,cold,no,2468,no
three,fri,dinner,cold,no,2642,no
three,sat,dinner,cold,no,2007,no
one,sun,breakfast,rainy,yes,2665,no
one,mon,breakfast,rainy,no,3199,no
one,tue,breakfast,rainy,no,2539,no
one,wed,breakfast,rainy,no,3041,no
one,thu,breakfast,rainy,no,3573,no
one,fri,breakfast,rainy,no,2245,no
one,sat,breakfast,rainy,no,2571,no
two,sun,breakfast,rainy,yes,1992,no
two,mon,breakfast,rainy,no,3390,no
two,tue,breakfast,rainy,no,1781,no
two,wed,breakfast,rainy,no,1989,no
two,thu,breakfast,rainy,no,3262,no
two,fri,breakfast,rainy,no,3254,no
two,sat,breakfast,rainy,no,2119,no
three,sun,breakfast,rainy,yes,1938,no
three,mon,breakfast,rainy,no,1399,no
three,tue,breakfast,rainy,no,3116,no
three,wed,breakfast,rainy,no,2944,no
three,thu,breakfast,rainy,no,3018,no
three,fri,breakfast,rainy,no,3382,no
three,sat,breakfast,rainy,no,3242,no
one,sun,lunch,rainy,yes,2942,no
one,mon,lunch,rainy,no,2976,no
one,tue,lunch,rainy,no,3378,no
one,wed,lunch,rainy,no,2010,no
one,thu,lunch,rainy,no,1277,no
one,fri,lunch,rainy,no,3242,no
one,sat,lunch,rainy,no,3846,no
two,sun,lunch,rainy,yes,2152,no
two,mon,lunch,rainy,no,1726,no
two,tue,lunch,rainy,no,2022,no
two,wed,lunch,rainy,no,3196,no
two,thu,lunch,rainy,no,2827,no
two,fri,lunch,rainy,no,3049,no
two,sat,lunch,rainy,no,3355,no
three,sun,lunch,rainy,yes,2098,no
three,mon,lunch,rainy,no,2207,no
three,tue,lunch,rainy,no,3292,no
three,wed,lunch,rainy,no,3429,no
three,thu,lunch,rainy,no,2092,no
three,fri,lunch,rainy,no,2165,no
three,sat,lunch,rainy,no,3291,no
one,sun,hi-tea,rainy,yes,3122,no
one,mon,hi-tea,rainy,no,3133,no
one,tue,hi-tea,rainy,no,2970,no
one,wed,hi-tea,rainy,no,3944,no
one,thu,hi-tea,rainy,no,3276,no
one,fri,hi-tea,rainy,no,3210,no
one,sat,hi-tea,rainy,no,2160,no
two,sun,hi-tea,rainy,yes,2261,no
two,mon,hi-tea,rainy,no,2932,no
two,tue,hi-tea,rainy,no,2058,no
two,wed,hi-tea,rainy,no,2462,no
two,thu,hi-tea,rainy,no,3183,no
two,fri,hi-tea,rainy,no,3047,no
two,sat,hi-tea,rainy,no,2048,no
three,sun,hi-tea,rainy,yes,1907,no
three,mon,hi-tea,rainy,no,2688,no
three,tue,hi-tea,rainy,no,2548,no
three,wed,hi-tea,rainy,no,1261,no
three,thu,hi-tea,rainy,no,3229,no
three,fri,hi-tea,rainy,no,2133,no
three,sat,hi-tea,rainy,no,3016,no
one,sun,dinner,rainy,yes,3945,no
one,mon,dinner,rainy,no,2993,no
one,tue,dinner,rainy,no,3126,no
one,wed,dinner,rainy,no,2369,no
one,thu,dinner,rainy,no,3004,no
one,fri,dinner,rainy,no,2982,no
one,sat,dinner,rainy,no,1513,no
two,sun,dinner,rainy,yes,3448,no
two,mon,dinner,rainy,no,3051,no
two,tue,dinner,rainy,no,2410,no
two,wed,dinner,rainy,no,3114,no
two,thu,dinner,rainy,no,3483,no
two,fri,dinner,rainy,no,3284,no
two,sat,dinner,rainy,no,1556,no
three,sun,dinner,rainy,yes,3269,no
three,mon,dinner,rainy,no,1989,no
three,tue,dinner,rainy,no,2126,no
three,wed,dinner,rainy,no,2513,no
three,thu,dinner,rainy,no,2272,no
three,fri,dinner,rainy,no,2153,no
three,sat,dinner,rainy,no,1520,no
one,sun,breakfast,hot,yes,2898,no
one,mon,breakfast,hot,no,3480,no
one,tue,breakfast,hot,no,2800,no
one,wed,breakfast,hot,no,3261,no
one,thu,breakfast,hot,no,3615,no
one,fri,breakfast,hot,no,2585,no
one,sat,breakfast,hot,no,2884,no
two,sun,breakfast,hot,yes,2138,no
two,mon,breakfast,hot,no,3640,no
two,tue,breakfast,hot,no,1894,no
two,wed,breakfast,hot,no,2263,no
two,thu,breakfast,hot,no,3552,no
two,fri,breakfast,hot,no,3874,no
two,sat,breakfast,hot,no,2616,no
three,sun,breakfast,hot,yes,2121,no
three,mon,breakfast,hot,no,1839,no
three,tue,breakfast,hot,no,3582,no
three,wed,breakfast,hot,no,3339,no
three,thu,breakfast,hot,no,3310,no
three,fri,breakfast,hot,no,3991,no
three,sat,breakfast,hot,no,3658,no
one,sun,lunch,hot,yes,3398,no
one,mon,lunch,hot,no,3133,no
one,tue,lunch,hot,no,3672,no
one,wed,lunch,hot,no,2387,no
one,thu,lunch,hot,no,1503,no
one,fri,lunch,hot,no,3787,no
one,sat,lunch,hot,no,4094,no
two,sun,lunch,hot,yes,2367,no
two,mon,lunch,hot,no,2059,no
two,tue,lunch,hot,no,2347,no
two,wed,lunch,hot,no,3557,no
two,thu,lunch,hot,no,2990,no
two,fri,lunch,hot,no,3330,no
two,sat,lunch,hot,no,3832,no
three,sun,lunch,hot,yes,2499,no
three,mon,lunch,hot,no,2597,no
three,tue,lunch,hot,no,3961,no
three,wed,lunch,hot,no,3955,no
three,thu,lunch,hot,no,2884,no
three,fri,lunch,hot,no,3222,no
three,sat,lunch,hot,no,3627,no
one,sun,hi-tea,hot,yes,3904,no
one,mon,hi-tea,hot,no,3581,no
one,tue,hi-tea,hot,no,3365,no
one,wed,hi-tea,hot,no,4230,no
one,thu,hi-tea,hot,no,3859,no
one,fri,hi-tea,hot,no,3458,no
one,sat,hi-tea,hot,no,2453,no
two,sun,hi-tea,hot,yes,2733,no
two,mon,hi-tea,hot,no,3238,no
two,tue,hi-tea,hot,no,2242,no
two,wed,hi-tea,hot,no,2868,no
two,thu,hi-tea,hot,no,3497,no
two,fri,hi-tea,hot,no,3538,no
two,sat,hi-tea,hot,no,2491,no
three,sun,hi-tea,hot,yes,2078,no
three,mon,hi-tea,hot,no,3711,no
three,tue,hi-tea,hot,no,3157,no
three,wed,hi-tea,hot,no,1747,no
three,thu,hi-tea,hot,no,3513,no
three,fri,hi-tea,hot,no,2595,no
three,sat,hi-tea,hot,no,3501,no
one,sun,dinner,hot,yes,4189,no
one,mon,dinner,hot,no,3321,no
one,tue,dinner,hot,no,3235,no
one,wed,dinner,hot,no,2900,no
one,thu,dinner,hot,no,3073,no
one,fri,dinner,hot,no,3123,no
one,sat,dinner,hot,no,1787,no
two,sun,dinner,hot,yes,4194,no
two,mon,dinner,hot,no,3382,no
two,tue,dinner,hot,no,3006,no
two,wed,dinner,hot,no,3402,no
two,thu,dinner,hot,no,3722,no
two,fri,dinner,hot,no,3940,no
two,sat,dinner,hot,no,1855,no
three,sun,dinner,hot,yes,3492,no
three,mon,dinner,hot,no,2211,no
three,tue,dinner,hot,no,2872,no
three,wed,dinner,hot,no,2960,no
three,thu,dinner,hot,no,2588,no
three,fri,dinner,hot,no,2704,no
three,sat,dinner,hot,no,1932,no
one,sun,breakfast,warm,yes,2965,no
one,mon,breakfast,warm,no,3541,no
one,tue,breakfast,warm,no,2908,no
one,wed,breakfast,warm,no,3228,no
one,thu,breakfast,warm,no,3689,no
one,fri,breakfast,warm,no,2574,no
one,sat,breakfast,warm,no,2989,no
two,sun,breakfast,warm,yes,2132,no
two,mon,breakfast,warm,no,3713,no
two,tue,breakfast,warm,no,1981,no
two,wed,breakfast,warm,no,2234,no
two,thu,breakfast,warm,no,3568,no
two,fri,breakfast,warm,no,3872,no
two,sat,breakfast,warm,no,2623,no
three,sun,breakfast,warm,yes,2191,no
three,mon,breakfast,warm,no,1905,no
three,tue,breakfast,warm,no,3589,no
three,wed,breakfast,warm,no,3388,no
three,thu,breakfast,warm,no,3381,no
three,fri,breakfast,warm,no,3941,no
three,sat,breakfast,warm,no,3671,no
one,sun,lunch,warm,yes,3345,no
one,mon,lunch,warm,no,3177,no
one,tue,lunch,warm,no,3789,no
one,wed,lunch,warm,no,2446,no
one,thu,lunch,warm,no,1531,no
one,fri,lunch,warm,no,3770,no
one,sat,lunch,warm,no,4104,no
two,sun,lunch,warm,yes,2458,no
two,mon,lunch,warm,no,2008,no
two,tue,lunch,warm,no,2311,no
two,wed,lunch,warm,no,3598,no
two,thu,lunch,warm,no,3060,no
two,fri,lunch,warm,no,3331,no
two,sat,lunch,warm,no,3800,no
three,sun,lunch,warm,yes,2463,no
three,mon,lunch,warm,no,2636,no
three,tue,lunch,warm,no,3962,no
three,wed,lunch,warm,no,4037,no
three,thu,lunch,warm,no,2882,no
three,fri,lunch,warm,no,3189,no
three,sat,lunch,warm,no,3728,no
one,sun,hi-tea,warm,yes,3883,no
one,mon,hi-tea,warm,no,3595,no
one,tue,hi-tea,warm,no,3360,no
one,wed,hi-tea,warm,no,4181,no
one,thu,hi-tea,warm,no,3831,no
one,fri,hi-tea,warm,no,3432,no
one,sat,hi-tea,warm,no,2597,no
two,sun,hi-tea,warm,yes,2728,no
two,mon,hi-tea,warm,no,3165,no
two,tue,hi-tea,warm,no,2238,no
two,wed,hi-tea,warm,no,2899,no
two,thu,hi-tea,warm,no,3541,no
two,fri,hi-tea,warm,no,3626,no
two,sat,hi-tea,warm,no,2452,no
three,sun,hi-tea,warm,yes,2109,no
three,mon,hi-tea,warm,no,3715,no
three,tue,hi-tea,warm,no,3107,no
three,wed,hi-tea,warm,no,1778,no
three,thu,hi-tea,warm,no,3594,no
three,fri,hi-tea,warm,no,2593,no
three,sat,hi-tea,warm,no,3494,no
one,sun,dinner,warm,yes,4218,no
one,mon,dinner,warm,no,3368,no
one,tue,dinner,warm,no,3319,no
one,wed,dinner,warm,no,3015,no
one,thu,dinner,warm,no,3126,no
one,fri,dinner,warm,no,3171,no
one,sat,dinner,warm,no,1770,no
two,sun,dinner,warm,yes,4114,no
two,mon,dinner,warm,no,3406,no
two,tue,dinner,warm,no,3008,no
two,wed,dinner,warm,no,3455,no
two,thu,dinner,warm,no,3704,no
two,fri,dinner,warm,no,4019,no
two,sat,dinner,warm,no,1941,no
three,sun,dinner,warm,yes,3524,no
three,mon,dinner,warm,no,2280,no
three,tue,dinner,warm,no,2902,no
three,wed,dinner,warm,no,2972,no
three,thu,dinner,warm,no,2554,no
three,fri,dinner,warm,no,2641,no
three,sat,dinner,warm,no,1948,no
one,sun,breakfast,cold,yes,2550,no
one,mon,breakfast,cold,no,3419,no
one,tue,breakfast,cold,no,2681,no
one,wed,breakfast,cold,no,3010,no
one,thu,breakfast,cold,no,3521,no
one,fri,breakfast,cold,no,2427,no
one,sat,breakfast,cold,no,2639,no
two,sun,breakfast,cold,yes,1913,no
two,mon,breakfast,cold,no,3467,no
two,tue,breakfast,cold,no,1912,no
two,wed,breakfast,cold,no,2102,no
two,thu,breakfast,cold,no,3344,no
two,fri,breakfast,cold,no,3702,no
two,sat,breakfast,cold,no,2447,no
three,sun,breakfast,cold,yes,1759,no
three,mon,breakfast,cold,no,1793,no
three,tue,breakfast,cold,no,3416,no
three,wed,breakfast,cold,no,3095,no
three,thu,breakfast,cold,no,3148,no
three,fri,breakfast,cold,no,3777,no
three,sat,breakfast,cold,no,3586,no
one,sun,lunch,cold,yes,3344,no
one,mon,lunch,cold,no,3050,no
one,tue,lunch,cold,no,3632,no
one,wed,lunch,cold,no,2366,no
one,thu,lunch,cold,no,1681,no
one,fri,lunch,cold,no,3436,no
one,sat,lunch,cold,no,4229,no
two,sun,lunch,cold,yes,2367,no
two,mon,lunch,cold,no,1931,no
two,tue,lunch,cold,no,2510,no
two,wed,lunch,cold,no,3658,no
two,thu,lunch,cold,no,3081,no
two,fri,lunch,cold,no,3218,no
two,sat,lunch,cold,no,3997,no
three,sun,lunch,cold,yes,2468,no
three,mon,lunch,cold,no,2575,no
three,tue,lunch,cold,no,3839,no
three,wed,lunch,cold,no,3959,no
three,thu,lunch,cold,no,2890,no
three,fri,lunch,cold,no,3145,no
three,sat,lunch,cold,no,3576,no
one,sun,hi-tea,cold,yes,4145,no
one,mon,hi-tea,cold,no,3602,no
one,tue,hi-tea,cold,no,3465,no
one,wed,hi-tea,cold,no,4311,no
one,thu,hi-tea,cold,no,3965,no
one,fri,hi-tea,cold,no,3525,no
one,sat,hi-tea,cold,no,2647,no
two,sun,hi-tea,cold,yes,2859,no
two,mon,hi-tea,cold,no,3330,no
two,tue,hi-tea,cold,no,2411,no
two,wed,hi-tea,cold,no,3008,no
two,thu,hi-tea,cold,no,3649,no
two,fri,hi-tea,cold,no,3715,no
two,sat,hi-tea,cold,no,2986,no
three,sun,hi-tea,cold,yes,2266,no
three,mon,hi-tea,cold,no,3615,no
three,tue,hi-tea,cold,no,3321,no
three,wed,hi-tea,cold,no,2714,no
three,thu,hi-tea,cold,no,3607,no
three,fri,hi-tea,cold,no,2611,no
three,sat,hi-tea,cold,no,3434,no
one,sun,dinner,cold,yes,4036,no
one,mon,dinner,cold,no,3328,no
one,tue,dinner,cold,no,3117,no
one,wed,dinner,cold,no,2993,no
one,thu,dinner,cold,no,3026,no
one,fri,dinner,cold,no,3071,no
one,sat,dinner,cold,no,1768,no
two,sun,dinner,cold,yes,4090,no
two,mon,dinner,cold,no,3263,no
two,tue,dinner,cold,no,2802,no
two,wed,dinner,cold,no,3361,no
two,thu,dinner,cold,no,3648,no
two,fri,dinner,cold,no,3856,no
two,sat,dinner,cold,no,1816,no
three,sun,dinner,cold,yes,3427,no
three,mon,dinner,cold,no,2169,no
three,tue,dinner,cold,no,2745,no
three,wed,dinner,cold,no,2860,no
three,thu,dinner,cold,no,2474,no
three,fri,dinner,cold,no,2613,no
three,sat,dinner,cold,no,2000,no
one,sun,breakfast,rainy,yes,2674,no
one,mon,breakfast,rainy,no,3180,no
one,tue,breakfast,rainy,no,2614,no
one,wed,breakfast,rainy,no,3088,no
one,thu,breakfast,rainy,no,3546,no
one,fri,breakfast,rainy,no,2255,no
one,sat,breakfast,rainy,no,2525,no
two,sun,breakfast,rainy,yes,1937,no
two,mon,breakfast,rainy,no,3379,no
two,tue,breakfast,rainy,no,1725,no
two,wed,breakfast,rainy,no,1997,no
two,thu,breakfast,rainy,no,3227,no
two,fri,breakfast,rainy,no,3219,no
two,sat,breakfast,rainy,no,2140,no
three,sun,breakfast,rainy,yes,1928,no
three,mon,breakfast,rainy,no,1346,no
three,tue,breakfast,rainy,no,3056,no
three,wed,breakfast,rainy,no,2968,no
three,thu,breakfast,rainy,no,3098,no
three,fri,breakfast,rainy,no,3397,no
three,sat,breakfast,rainy,no,3301,no
one,sun,lunch,rainy,yes,2978,no
one,mon,lunch,rainy,no,2917,no
one,tue,lunch,rainy,no,3318,no
one,wed,lunch,rainy,no,2045,no
one,thu,lunch,rainy,no,1264,no
one,fri,lunch,rainy,no,3244,no
one,sat,lunch,rainy,no,3895,no
two,sun,lunch,rainy,yes,2103,no
two,mon,lunch,rainy,no,1809,no
two,tue,lunch,rainy,no,2084,no
two,wed,lunch,rainy,no,3163,no
two,thu,lunch,rainy,no,2927,no
two,fri,lunch,rainy,no,3113,no
two,sat,lunch,rainy,no,3403,no
three,sun,lunch,rainy,yes,2098,no
three,mon,lunch,rainy,no,2242,no
three,tue,lunch,rainy,no,3229,no
three,wed,lunch,rainy,no,3501,no
three,thu,lunch,rainy,no,2114,no
three,fri,lunch,rainy,no,2218,no
three,sat,lunch,rainy,no,3315,no
one,sun,hi-tea,rainy,yes,3079,no
one,mon,hi-tea,rainy,no,3215,no
one,tue,hi-tea,rainy,no,2988,no
one,wed,hi-tea,rainy,no,3884,no
one,thu,hi-tea,rainy,no,3274,no
one,fri,hi-tea,rainy,no,3224,no
one,sat,hi-tea,rainy,no,2257,no
two,sun,hi-tea,rainy,yes,2247,no
two,mon,hi-tea,rainy,no,2924,no
two,tue,hi-tea,rainy,no,2092,no
two,wed,hi-tea,rainy,no,2545,no
two,thu,hi-tea,rainy,no,3106,no
two,fri,hi-tea,rainy,no,3107,no
two,sat,hi-tea,rainy,no,2048,no
three,sun,hi-tea,rainy,yes,1874,no
three,mon,hi-tea,rainy,no,2686,no
three,tue,hi-tea,rainy,no,2589,no
three,wed,hi-tea,rainy,no,1304,no
three,thu,hi-tea,rainy,no,3294,no
three,fri,hi-tea,rainy,no,2059,no
three,sat,hi-tea,rainy,no,3095,no
one,sun,dinner,rainy,yes,3959,no
one,mon,dinner,rainy,no,3016,no
one,tue,dinner,rainy,no,3100,no
one,wed,dinner,rainy,no,2347,no
one,thu,dinner,rainy,no,3027,no
one,fri,dinner,rainy,no,2934,no
one,sat,dinner,rainy,no,1548,no
two,sun,dinner,rainy,yes,3516,no
two,mon,dinner,rainy,no,2984,no
two,tue,dinner,rainy,no,2423,no
two,wed,dinner,rainy,no,3099,no
two,thu,dinner,rainy,no,3487,no
two,fri,dinner,rainy,no,3304,no
two,sat,dinner,rainy,no,1598,no
three,sun,dinner,rainy,yes,3252,no
three,mon,dinner,rainy,no,2005,no
three,tue,dinner,rainy,no,2117,no
three,wed,dinner,rainy,no,2461,no
three,thu,dinner,rainy,no,2259,no
three,fri,dinner,rainy,no,2127,no
three,sat,dinner,rainy,no,1562,no
one,sun,breakfast,hot,yes,2898,no
one,mon,breakfast,hot,no,3553,no
one,tue,breakfast,hot,no,2865,no
one,wed,breakfast,hot,no,3285,no
one,thu,breakfast,hot,no,3597,no
one,fri,breakfast,hot,no,2541,no
one,sat,breakfast,hot,no,2943,no
two,sun,breakfast,hot,yes,2094,no
two,mon,breakfast,hot,no,3614,no
two,tue,breakfast,hot,no,1963,no
two,wed,breakfast,hot,no,2187,no
two,thu,breakfast,hot,no,3487,no
two,fri,breakfast,hot,no,3812,no
two,sat,breakfast,hot,no,2655,no
three,sun,breakfast,hot,yes,2153,no
three,mon,breakfast,hot,no,1823,no
three,tue,breakfast,hot,no,3549,no
three,wed,breakfast,hot,no,3395,no
three,thu,breakfast,hot,no,3405,no
three,fri,breakfast,hot,no,3968,no
three,sat,breakfast,hot,no,3728,no
one,sun,lunch,hot,yes,3356,no
one,mon,lunch,hot,no,3151,no
one,tue,lunch,hot,no,3752,no
one,wed,lunch,hot,no,2443,no
one,thu,lunch,hot,no,1478,no
one,fri,lunch,hot,no,3739,no
one,sat,lunch,hot,no,4056,no
two,sun,lunch,hot,yes,2360,no
two,mon,lunch,hot,no,1980,no
two,tue,lunch,hot,no,2363,no
two,wed,lunch,hot,no,3553,no
two,thu,lunch,hot,no,2954,no
two,fri,lunch,hot,no,3330,no
two,sat,lunch,hot,no,3777,no
three,sun,lunch,hot,yes,2523,no
three,mon,lunch,hot,no,2611,no
three,tue,lunch,hot,no,3896,no
three,wed,lunch,hot,no,4033,no
three,thu,lunch,hot,no,2845,no
three,fri,lunch,hot,no,3270,no
three,sat,lunch,hot,no,3666,no
one,sun,hi-tea,hot,yes,3932,no
one,mon,hi-tea,hot,no,3577,no
one,tue,hi-tea,hot,no,3353,no
one,wed,hi-tea,hot,no,4152,no
one,thu,hi-tea,hot,no,3801,no
one,fri,hi-tea,hot,no,3451,no
one,sat,hi-tea,hot,no,2433,no
two,sun,hi-tea,hot,yes,2727,no
two,mon,hi-tea,hot,no,3147,no
two,tue,hi-tea,hot,no,2210,no
two,wed,hi-tea,hot,no,2903,no
two,thu,hi-tea,hot,no,3499,no
two,fri,hi-tea,hot,no,3559,no
two,sat,hi-tea,hot,no,2438,no
three,sun,hi-tea,hot,yes,2108,no
three,mon,hi-tea,hot,no,3700,no
three,tue,hi-tea,hot,no,3186,no
three,wed,hi-tea,hot,no,1811,no
three,thu,hi-tea,hot,no,3587,no
three,fri,hi-tea,hot,no,2558,no
three,sat,hi-tea,hot,no,3466,no
one,sun,dinner,hot,yes,4161,no
one,mon,dinner,hot,no,3294,no
one,tue,dinner,hot,no,3263,no
one,wed,dinner,hot,no,2900,no
one,thu,dinner,hot,no,3063,no
one,fri,dinner,hot,no,3188,no
one,sat,dinner,hot,no,1812,no
two,sun,dinner,hot,yes,4126,no
two,mon,dinner,hot,no,3341,no
two,tue,dinner,hot,no,2939,no
two,wed,dinner,hot,no,3406,no
two,thu,dinner,hot,no,3770,no
two,fri,dinner,hot,no,3984,no
two,sat,dinner,hot,no,1891,no
three,sun,dinner,hot,yes,3501,no
three,mon,dinner,hot,no,2184,no
three,tue,dinner,hot,no,2859,no
three,wed,dinner,hot,no,2920,no
three,thu,dinner,hot,no,2516,no
three,fri,dinner,hot,no,2678,no
three,sat,dinner,hot,no,1914,no
one,sun,breakfast,warm,yes,2965,no
one,mon,breakfast,warm,no,3600,no
one,tue,breakfast,warm,no,2910,no
one,wed,breakfast,warm,no,3276,no
one,thu,breakfast,warm,no,3708,no
one,fri,breakfast,warm,no,2604,no
one,sat,breakfast,warm,no,2990,no
two,sun,breakfast,warm,yes,2167,no
two,mon,breakfast,warm,no,3704,no
two,tue,breakfast,warm,no,1966,no
two,wed,breakfast,warm,no,2201,no
two,thu,breakfast,warm,no,3598,no
two,fri,breakfast,warm,no,3886,no
two,sat,breakfast,warm,no,2621,no
three,sun,breakfast,warm,yes,2110,no
three,mon,breakfast,warm,no,1861,no
three,tue,breakfast,warm,no,3540,no
three,wed,breakfast,warm,no,3417,no
three,thu,breakfast,warm,no,3420,no
three,fri,breakfast,warm,no,3930,no
three,sat,breakfast,warm,no,3690,no
one,sun,lunch,warm,yes,3369,no
one,mon,lunch,warm,no,3125,no
one,tue,lunch,warm,no,3727,no
one,wed,lunch,warm,no,2381,no
one,thu,lunch,warm,no,1535,no
one,fri,lunch,warm,no,3731,no
one,sat,lunch,warm,no,4149,no
two,sun,lunch,warm,yes,2395,no
two,mon,lunch,warm,no,2075,no
two,tue,lunch,warm,no,2359,no
two,wed,lunch,warm,no,3603,no
two,thu,lunch,warm,no,3041,no
two,fri,lunch,warm,no,3390,no
two,sat,lunch,warm,no,3794,no
three,sun,lunch,warm,yes,2519,no
three,mon,lunch,warm,no,2716,no
three,tue,lunch,warm,no,3910,no
three,wed,lunch,warm,no,4002,no
three,thu,lunch,warm,no,2939,no
three,fri,lunch,warm,no,3234,no
three,sat,lunch,warm,no,3733,no
one,sun,hi-tea,warm,yes,3867,no
one,mon,hi-tea,warm,no,3536,no
one,tue,hi-tea,warm,no,3358,no
one,wed,hi-tea,warm,no,4201,no
one,thu,hi-tea,warm,no,3840,no
one,fri,hi-tea,warm,no,3421,no
one,sat,hi-tea,warm,no,2522,no
two,sun,hi-tea,warm,yes,2792,no
two,mon,hi-tea,warm,no,3237,no
two,tue,hi-tea,warm,no,2268,no
two,wed,hi-tea,warm,no,2882,no
two,thu,hi-tea,warm,no,3536,no
two,fri,hi-tea,warm,no,3574,no
two,sat,hi-tea,warm,no,2418,no
three,sun,hi-tea,warm,yes,2128,no
three,mon,hi-tea,warm,no,3748,no
three,tue,hi-tea,warm,no,3192,no
three,wed,hi-tea,warm,no,1842,no
three,thu,hi-tea,warm,no,3574,no
three,fri,hi-tea,warm,no,2551,no
three,sat,hi-tea,warm,no,3494,no
one,sun,dinner,warm,yes,4225,no
one,mon,dinner,warm,no,3362,no
one,tue,dinner,warm,no,3305,no
one,wed,dinner,warm,no,2953,no
one,thu,dinner,warm,no,3150,no
one,fri,dinner,warm,no,3176,no
one,sat,dinner,warm,no,1788,no
two,sun,dinner,warm,yes,4185,no
two,mon,dinner,warm,no,3395,no
two,tue,dinner,warm,no,2928,no
two,wed,dinner,warm,no,3423,no
two,thu,dinner,warm,no,3753,no
two,fri,dinner,warm,no,4003,no
two,sat,dinner,warm,no,1872,no
three,sun,dinner,warm,yes,3535,no
three,mon,dinner,warm,no,2266,no
three,tue,dinner,warm,no,2885,no
three,wed,dinner,warm,no,2996,no
three,thu,dinner,warm,no,2516,no
three,fri,dinner,warm,no,2654,no
three,sat,dinner,warm,no,1966,no
one,sun,breakfast,cold,yes,2544,no
one,mon,breakfast,cold,no,3340,no
one,tue,breakfast,cold,no,2741,no
one,wed,breakfast,cold,no,3064,no
one,thu,breakfast,cold,no,3466,no
one,fri,breakfast,cold,no,2413,no
one,sat,breakfast,cold,no,2699,no
two,sun,breakfast,cold,yes,1978,no
two,mon,breakfast,cold,no,3456,no
two,tue,breakfast,cold,no,1918,no
two,wed,breakfast,cold,no,2006,no
two,thu,breakfast,cold,no,3382,no
two,fri,breakfast,cold,no,3719,no
two,sat,breakfast,cold,no,2462,no
three,sun,breakfast,cold,yes,1763,no
three,mon,breakfast,cold,no,1752,no
three,tue,breakfast,cold,no,3423,no
three,wed,breakfast,cold,no,3094,no
three,thu,breakfast,cold,no,3125,no
three,fri,breakfast,cold,no,3761,no
three,sat,breakfast,cold,no,3560,no
one,sun,lunch,cold,yes,3434,no
one,mon,lunch,cold,no,3062,no
one,tue,lunch,cold,no,3605,no
one,wed,lunch,cold,no,2381,no
one,thu,lunch,cold,no,1672,no
one,fri,lunch,cold,no,3462,no
one,sat,lunch,cold,no,4187,no
two,sun,lunch,cold,yes,2403,no
two,mon,lunch,cold,no,1951,no
two,tue,lunch,cold,no,2436,no
two,wed,lunch,cold,no,3668,no
two,thu,lunch,cold,no,3120,no
two,fri,lunch,cold,no,3289,no
two,sat,lunch,cold,no,3990,no
three,sun,lunch,cold,yes,2512,no
three,mon,lunch,cold,no,2627,no
three,tue,lunch,cold,no,3886,no
three,wed,lunch,cold,no,4026,no
three,thu,lunch,cold,no,2865,no
three,fri,lunch,cold,no,3179,no
three,sat,lunch,cold,no,3575,no
one,sun,hi-tea,cold,yes,4099,no
one,mon,hi-tea,cold,no,3630,no
one,tue,hi-tea,cold,no,3502,no
one,wed,hi-tea,cold,no,4273,no
one,thu,hi-tea,cold,no,3957,no
one,fri,hi-tea,cold,no,3523,no
one,sat,hi-tea,cold,no,2590,no
two,sun,hi-tea,cold,yes,2847,no
two,mon,hi-tea,cold,no,3385,no
two,tue,hi-tea,cold,no,2410,no
two,wed,hi-tea,cold,no,2939,no
two,thu,hi-tea,cold,no,3648,no
two,fri,hi-tea,cold,no,3667,no
two,sat,hi-tea,cold,no,3015,no
three,sun,hi-tea,cold,yes,2298,no
three,mon,hi-tea,cold,no,3646,no
three,tue,hi-tea,cold,no,3382,no
three,wed,hi-tea,cold,no,2710,no
three,thu,hi-tea,cold,no,3531,no
three,fri,hi-tea,cold,no,2661,no
three,sat,hi-tea,cold,no,3457,no
one,sun,dinner,cold,yes,4101,no
one,mon,dinner,cold,no,3305,no
one,tue,dinner,cold,no,3129,no
one,wed,dinner,cold,no,2986,no
one,thu,dinner,cold,no,3058,no
one,fri,dinner,cold,no,3056,no
one,sat,dinner,cold,no,1779,no
two,sun,dinner,cold,yes,4051,no
two,mon,dinner,cold,no,3174,no
two,tue,dinner,cold,no,2895,no
two,wed,dinner,cold,no,3358,no
two,thu,dinner,cold,no,3661,no
two,fri,dinner,cold,no,3885,no
two,sat,dinner,cold,no,1861,no
three,sun,dinner,cold,yes,3460,no
three,mon,dinner,cold,no,2247,no
three,tue,dinner,cold,no,2711,no
three,wed,dinner,cold,no,2886,no
three,thu,dinner,cold,no,2402,no
three,fri,dinner,cold,no,2658,no
three,sat,dinner,cold,no,1987,no
one,sun,breakfast,rainy,yes,2638,no
one,mon,breakfast,rainy,no,3209,no
one,tue,breakfast,rainy,no,2619,no
one,wed,breakfast,rainy,no,3027,no
one,thu,breakfast,rainy,no,3621,no
one,fri,breakfast,rainy,no,2225,no
one,sat,breakfast,rainy,no,2603,no
two,sun,breakfast,rainy,yes,1951,no
two,mon,breakfast,rainy,no,3364,no
two,tue,breakfast,rainy,no,1729,no
two,wed,breakfast,rainy,no,1961,no
two,thu,breakfast,rainy,no,3195,no
two,fri,breakfast,rainy,no,3209,no
two,sat,breakfast,rainy,no,2179,no
three,sun,breakfast,rainy,yes,1914,no
three,mon,breakfast,rainy,no,1364,no
three,tue,breakfast,rainy,no,3110,no
three,wed,breakfast,rainy,no,2957,no
three,thu,breakfast,rainy,no,3074,no
three,fri,breakfast,rainy,no,3416,no
three,sat,breakfast,rainy,no,3304,no
one,sun,lunch,rainy,yes,2994,no
one,mon,lunch,rainy,no,2951,no
one,tue,lunch,rainy,no,3337,no
one,wed,lunch,rainy,no,2011,no
one,thu,lunch,rainy,no,1278,no
one,fri,lunch,rainy,no,3242,no
one,sat,lunch,rainy,no,3887,no
two,sun,lunch,rainy,yes,2153,no
two,mon,lunch,rainy,no,1731,no
two,tue,lunch,rainy,no,2061,no
two,wed,lunch,rainy,no,3157,no
two,thu,lunch,rainy,no,2874,no
two,fri,lunch,rainy,no,3120,no
two,sat,lunch,rainy,no,3434,no
three,sun,lunch,rainy,yes,2101,no
three,mon,lunch,rainy,no,2212,no
three,tue,lunch,rainy,no,3285,no
three,wed,lunch,rainy,no,3489,no
three,thu,lunch,rainy,no,2076,no
three,fri,lunch,rainy,no,2153,no
three,sat,lunch,rainy,no,3298,no
one,sun,hi-tea,rainy,yes,3154,no
one,mon,hi-tea,rainy,no,3164,no
one,tue,hi-tea,rainy,no,3013,no
one,wed,hi-tea,rainy,no,3874,no
one,thu,hi-tea,rainy,no,3277,no
one,fri,hi-tea,rainy,no,3259,no
one,sat,hi-tea,rainy,no,2247,no
two,sun,hi-tea,rainy,yes,2290,no
two,mon,hi-tea,rainy,no,2985,no
two,tue,hi-tea,rainy,no,2077,no
two,wed,hi-tea,rainy,no,2458,no
two,thu,hi-tea,rainy,no,3173,no
two,fri,hi-tea,rainy,no,3045,no
two,sat,hi-tea,rainy,no,2085,no
three,sun,hi-tea,rainy,yes,1871,no
three,mon,hi-tea,rainy,no,2658,no
three,tue,hi-tea,rainy,no,2605,no
three,wed,hi-tea,rainy,no,1265,no
three,thu,hi-tea,rainy,no,3221,no
three,fri,hi-tea,rainy,no,2114,no
three,sat,hi-tea,rainy,no,3091,no
one,sun,dinner,rainy,yes,4000,no
one,mon,dinner,rainy,no,2995,no
one,tue,dinner,rainy,no,3065,no
one,wed,dinner,rainy,no,2300,no
one,thu,dinner,rainy,no,2976,no
one,fri,dinner,rainy,no,2937,no
one,sat,dinner,rainy,no,1539,no
two,sun,dinner,rainy,yes,3486,no
two,mon,dinner,rainy,no,3061,no
two,tue,dinner,rainy,no,2465,no
two,wed,dinner,rainy,no,3058,no
two,thu,dinner,rainy,no,3491,no
two,fri,dinner,rainy,no,3287,no
two,sat,dinner,rainy,no,1610,no
three,sun,dinner,rainy,yes,3264,no
three,mon,dinner,rainy,no,1991,no
three,tue,dinner,rainy,no,2160,no
three,wed,dinner,rainy,no,2430,no
three,thu,dinner,rainy,no,2283,no
three,fri,dinner,rainy,no,2170,no
three,sat,dinner,rainy,no,1551,no
one,sun,breakfast,hot,yes,2927,no
one,mon,breakfast,hot,no,3537,no
one,tue,breakfast,hot,no,2794,no
one,wed,breakfast,hot,no,3302,no
one,thu,breakfast,hot,no,3656,no
one,fri,breakfast,hot,no,2492,no
one,sat,breakfast,hot,no,2956,no
two,sun,breakfast,hot,yes,2114,no
two,mon,breakfast,hot,no,3609,no
two,tue,breakfast,hot,no,1968,no
two,wed,breakfast,hot,no,2181,no
two,thu,breakfast,hot,no,3529,no
two,fri,breakfast,hot,no,3801,no
two,sat,breakfast,hot,no,2641,no
three,sun,breakfast,hot,yes,2164,no
three,mon,breakfast,hot,no,1814,no
three,tue,breakfast,hot,no,3568,no
three,wed,breakfast,hot,no,3304,no
three,thu,breakfast,hot,no,3398,no
three,fri,breakfast,hot,no,3982,no
three,sat,breakfast,hot,no,3678,no
one,sun,lunch,hot,yes,3358,no
one,mon,lunch,hot,no,3166,no
one,tue,lunch,hot,no,3687,no
one,wed,lunch,hot,no,2446,no
one,thu,lunch,hot,no,1551,no
one,fri,lunch,hot,no,3793,no
one,sat,lunch,hot,no,4115,no
two,sun,lunch,hot,yes,2351,no
two,mon,lunch,hot,no,1980,no
two,tue,lunch,hot,no,2371,no
two,wed,lunch,hot,no,3506,no
two,thu,lunch,hot,no,3016,no
two,fri,lunch,hot,no,3367,no
two,sat,lunch,hot,no,3757,no
three,sun,lunch,hot,yes,2433,no
three,mon,lunch,hot,no,2602,no
three,tue,lunch,hot,no,3886,no
three,wed,lunch,hot,no,3985,no
three,thu,lunch,hot,no,2819,no
three,fri,lunch,hot,no,3238,no
three,sat,lunch,hot,no,3606,no
one,sun,hi-tea,hot,yes,3853,no
one,mon,hi-tea,hot,no,3611,no
one,tue,hi-tea,hot,no,3336,no
one,wed,hi-tea,hot,no,4175,no
one,thu,hi-tea,hot,no,3819,no
one,fri,hi-tea,hot,no,3419,no
one,sat,hi-tea,hot,no,2431,no
two,sun,hi-tea,hot,yes,2683,no
two,mon,hi-tea,hot,no,3216,no
two,tue,hi-tea,hot,no,2223,no
two,wed,hi-tea,hot,no,2898,no
two,thu,hi-tea,hot,no,3547,no
two,fri,hi-tea,hot,no,3534,no
two,sat,hi-tea,hot,no,2484,no
three,sun,hi-tea,hot,yes,2069,no
three,mon,hi-tea,hot,no,3762,no
three,tue,hi-tea,hot,no,3187,no
three,wed,hi-tea,hot,no,1816,no
three,thu,hi-tea,hot,no,3545,no
three,fri,hi-tea,hot,no,2565,no
three,sat,hi-tea,hot,no,3455,no
one,sun,dinner,hot,yes,4112,no
one,mon,dinner,hot,no,3334,no
one,tue,dinner,hot,no,3216,no
one,wed,dinner,hot,no,2963,no
one,thu,dinner,hot,no,3147,no
one,fri,dinner,hot,no,3181,no
one,sat,dinner,hot,no,1751,no
two,sun,dinner,hot,yes,4187,no
two,mon,dinner,hot,no,3314,no
two,tue,dinner,hot,no,2967,no
two,wed,dinner,hot,no,3429,no
two,thu,dinner,hot,no,3769,no
two,fri,dinner,hot,no,3945,no
two,sat,dinner,hot,no,1935,no
three,sun,dinner,hot,yes,3512,no
three,mon,dinner,hot,no,2183,no
three,tue,dinner,hot,no,2902,no
three,wed,dinner,hot,no,2940,no
three,thu,dinner,hot,no,2542,no
three,fri,dinner,hot,no,2659,no
three,sat,dinner,hot,no,1938,no